user_id,full_name,email,created_at
1,Michael Jacobs,joseph90@example.net,2025-04-13 01:01:12.999329
2,Richard Jones,dbailey@example.net,2025-10-08 15:29:00.101204
3,Sarah Proctor,glong@example.com,2025-01-09 04:47:56.078531
4,David Peters,bmalone@example.net,2025-05-11 21:46:21.010269
5,Samantha Sanchez,robert92@example.net,2025-06-07 19:16:29.273757
6,Ernest Brown,wpatterson@example.com,2025-06-22 02:14:32.622835
7,Joel White,jbryant@example.net,2025-02-16 00:31:05.335685
8,Marie Turner,thomasgeoffrey@example.com,2025-02-18 07:13:52.564585
9,Susan Hanson,hannahreilly@example.net,2025-11-11 08:44:26.605980
10,Judy Cobb,gary63@example.com,2025-03-27 07:09:55.897475
11,Jill Jackson,leesteven@example.net,2025-09-28 08:27:51.821426
12,Stephen Colon,mcguiredennis@example.com,2025-01-28 17:50:14.925970
13,Jeffrey Vaughn,elizabeth83@example.org,2025-06-15 20:00:38.212105
14,Melissa Lewis,arnoldcarrie@example.com,2025-01-05 20:40:20.514740
15,Kelly Evans,carmen05@example.com,2025-11-11 12:58:09.463928
16,Cynthia Hutchinson,charles52@example.net,2025-06-16 11:44:19.768778
17,Anthony Jimenez,leebrian@example.org,2025-06-15 14:38:11.273052
18,Brenda Hunter,luisthompson@example.com,2025-01-28 23:15:57.638781
19,Kimberly Gomez,olong@example.com,2025-12-01 17:36:00.578125
20,Margaret Dyer,robert95@example.net,2025-01-24 05:20:09.091640
21,Kylie Kemp,hweaver@example.net,2025-04-11 08:51:17.250392
22,Gregory Reynolds,brian47@example.org,2025-09-01 11:24:48.139159
23,Tina Jackson,avilasusan@example.net,2025-02-07 19:44:46.092655
24,Beverly Vargas,teresa98@example.com,2025-07-01 01:42:58.466925
25,Joshua Ramirez,gomezkarina@example.org,2025-02-22 04:52:26.552475
26,Sarah Crawford,david30@example.com,2025-10-10 23:41:06.116677
27,Beverly Alvarado,potternicole@example.com,2025-03-14 18:46:08.500365
28,Jaime Phillips,griffinmartin@example.com,2025-04-24 16:20:50.901608
29,Kyle Wilkerson,brookewalsh@example.org,2025-07-09 22:45:53.210155
30,Dorothy Alvarez,oyates@example.com,2025-01-07 09:48:17.574896
31,David Dalton,anne14@example.org,2025-03-15 14:49:47.597690
32,Daniel Fuentes,michael22@example.org,2025-07-01 08:13:40.881413
33,Ann Blair,lellis@example.com,2025-08-28 10:57:35.735917
34,Jack Knapp,stephanie72@example.org,2025-03-13 10:22:54.696622
35,Katie Berry,teresajennings@example.org,2025-01-27 20:08:07.020163
36,Anthony Hancock,jay00@example.com,2025-05-26 23:29:45.452253
37,Amanda Martinez,johnhaynes@example.net,2025-09-15 04:10:12.814376
38,Ryan Keith,heather46@example.net,2025-05-27 19:14:51.191797
39,Benjamin Estrada,jasminerobinson@example.net,2025-10-19 02:28:09.559670
40,Gregory Lloyd,buchanandavid@example.com,2025-12-01 15:40:05.716434
41,Joshua Reynolds,henry73@example.org,2025-09-04 14:47:49.805895
42,Frederick Moreno,brownamy@example.com,2025-08-17 00:19:50.210881
43,Michaela Parrish,nburch@example.com,2025-04-26 23:31:06.646233
44,Nicole Moore,websterdavid@example.net,2025-01-02 13:04:47.277647
45,Allen Hill,imiller@example.net,2025-03-08 14:08:21.339476
46,Benjamin Foley,connerandrew@example.net,2025-04-16 21:47:45.965511
47,Ann Munoz,garciamichael@example.com,2025-09-11 10:21:38.785300
48,Shelley Potter,janice68@example.org,2025-12-05 11:44:55.706779
49,Rodney Phillips,bbrown@example.net,2025-04-23 01:37:29.686169
50,Brian Torres PhD,michellehughes@example.org,2025-11-15 07:19:01.446850
51,Mr. Jason Jackson,astewart@example.net,2025-11-22 18:52:00.843602
52,Andrew Hernandez,stephen25@example.net,2025-05-08 14:18:21.016959
53,Mrs. Alexis Jackson,martinezjeffery@example.org,2025-04-09 18:59:49.200871
54,Jacob Williams,paula30@example.net,2025-07-18 01:50:31.886248
55,Richard Williams,kim59@example.net,2025-11-21 03:17:16.009829
56,Danielle Martinez,andrewbrown@example.com,2025-07-12 03:50:29.744877
57,Christopher Bullock,benjamin27@example.net,2025-10-15 08:48:33.612522
58,Marc Moreno,angelajohnson@example.com,2025-02-03 20:43:48.293544
59,Melissa Brown,vlewis@example.org,2025-03-19 20:42:21.112317
60,Michael Turner,mcguiresamuel@example.org,2025-11-27 10:18:18.609241
61,Victoria Rush,paul73@example.com,2025-04-27 18:41:54.511919
62,Zachary Carrillo,harrisjames@example.org,2025-05-28 08:01:41.128252
63,Steven Diaz,michael23@example.net,2025-03-01 23:39:39.107505
64,Melissa White,joshua96@example.net,2025-10-09 15:34:49.922189
65,Rebecca Wallace,kdunn@example.com,2025-06-15 16:51:45.501132
66,James Reilly DVM,awright@example.org,2025-05-30 05:25:34.602489
67,Stephanie Rose,aaronparker@example.net,2025-07-11 04:02:17.150256
68,Anthony Fitzgerald,uwyatt@example.com,2025-02-04 18:03:56.883765
69,Elizabeth Robertson,gellison@example.com,2025-11-16 03:16:59.060737
70,Gregory Anderson,michael15@example.net,2025-11-02 18:24:29.522975
71,Katherine Stevenson,johncalderon@example.org,2025-06-22 08:56:16.864914
72,Jillian Short,mckinneywilliam@example.com,2025-06-17 18:57:12.668221
73,Dana Lee,chapmanshelby@example.org,2025-02-10 18:56:01.023518
74,Austin Campbell,aliciabrock@example.com,2025-09-02 07:13:14.607289
75,Jillian Taylor,alexander64@example.com,2025-04-08 19:12:49.651940
76,Pamela Small,anthony52@example.org,2025-09-10 13:49:20.731152
77,Brian Romero,vlyons@example.net,2025-11-15 12:48:59.478440
78,Melissa Baker,michaelcaldwell@example.net,2025-03-13 14:50:14.883311
79,David Lewis,jon56@example.net,2025-03-03 21:18:32.164900
80,Cynthia King,vchandler@example.net,2025-06-24 23:56:27.289638
81,Michael Jackson,tranglenda@example.com,2025-06-28 00:05:45.832386
82,Andrew Watson,william19@example.org,2025-05-23 09:00:49.819622
83,Terri Woodard,david92@example.org,2025-11-16 15:24:12.252959
84,Jessica Williams,wilsonbrett@example.net,2025-08-08 16:46:10.751226
85,Joshua Pollard,brandichavez@example.com,2025-05-14 11:36:40.577629
86,Christopher Lowe,alexander94@example.org,2025-09-17 03:46:05.244612
87,Felicia Everett,mcgeeamber@example.com,2025-06-04 02:33:59.688984
88,Kristine Snyder,elizabethmeyers@example.org,2025-06-16 20:39:27.747107
89,Terri Rose,rcooper@example.net,2025-05-18 20:42:13.613759
90,Luke Morris,pgregory@example.org,2025-12-08 02:55:59.982803
91,Megan White,ygutierrez@example.com,2025-10-10 17:37:45.085783
92,Jasmine Lyons,colechristopher@example.org,2025-06-21 12:42:10.868529
93,Christopher Cardenas,valerie46@example.com,2025-05-14 05:05:00.782155
94,Brian Anderson,michaelgolden@example.org,2025-05-25 10:49:16.958424
95,Robert Jones,garciakathy@example.net,2025-07-06 15:34:37.296688
96,Charlotte Peters,oallen@example.org,2025-08-18 02:51:36.918664
97,Jacob Klein,jacquelinemendoza@example.com,2025-06-26 11:10:52.226371
98,Daniel Barker,jblake@example.com,2025-12-06 18:55:04.201926
99,Erica Townsend,thomasrandy@example.org,2025-08-08 00:39:18.695288
100,Leslie Le,sjenkins@example.org,2025-02-04 10:30:32.835695
101,Nicholas Smith,walterjason@example.net,2025-06-11 09:21:50.579739
102,Heather Jennings,ushea@example.net,2025-01-12 01:56:48.528039
103,Brandon Kim,anthonysanchez@example.org,2025-09-25 12:07:33.503408
104,Joseph Soto,sarah76@example.net,2025-06-22 21:36:42.131824
105,William Taylor,kellyvargas@example.org,2025-06-30 23:56:59.313073
106,Christopher Leblanc,michael96@example.net,2025-01-01 07:05:48.262090
107,Taylor Lynn,tonyacohen@example.net,2025-06-12 23:22:39.905222
108,Mrs. Courtney Graham,yharrell@example.com,2025-07-17 11:12:16.595297
109,Phillip Chung,morrislisa@example.com,2025-11-20 20:09:12.231896
110,Frances Hudson,jameswilson@example.net,2025-01-22 10:29:34.569880
111,Douglas Roberts,anthonybauer@example.com,2025-11-17 09:12:32.830524
112,Thomas Brooks,ofrey@example.org,2025-06-10 21:15:41.964067
113,Shawn Odom,mbates@example.org,2025-03-07 09:51:46.095490
114,Jessica Wiley,gford@example.net,2025-12-01 22:07:18.664809
115,Latasha Taylor,brianbarrett@example.org,2025-05-15 00:27:24.621095
116,Gerald Brown,rodriguezkerry@example.net,2025-04-25 19:18:41.149102
117,Thomas Chang,raymondwilliams@example.net,2025-11-17 19:07:33.294877
118,Kevin Solis,santiagoronnie@example.org,2025-04-26 08:59:17.658280
119,Brandon Davis,ntrujillo@example.org,2025-12-01 21:32:19.586283
120,Lucas Smith,bakerchristopher@example.com,2025-08-25 17:57:57.835253
121,Richard Esparza,jonathan81@example.com,2025-05-24 02:15:32.239655
122,Michelle Rush,mooremark@example.net,2025-09-15 17:35:40.023354
123,Richard Bailey,hicksdiane@example.com,2025-08-10 12:26:20.732378
124,Jessica Stewart,kristi49@example.org,2025-06-01 18:18:25.733738
125,Bradley Zimmerman,elowe@example.org,2025-04-07 16:01:40.495254
126,Martha Johnson,zjimenez@example.com,2025-04-06 09:16:07.395764
127,Ashley Ramirez,hbradley@example.org,2025-08-29 12:28:59.932800
128,Victoria Rose,thompsonkaitlyn@example.com,2025-10-07 09:30:59.777147
129,Holly White,thomas04@example.net,2025-08-29 16:59:44.747361
130,Mike Glover DVM,xhodge@example.com,2025-05-04 19:19:52.754898
131,Sarah Austin,danielleparker@example.org,2025-11-15 16:12:12.428319
132,Tina Leonard,cochranbrittany@example.com,2025-07-01 07:28:40.915878
133,Michael Diaz,lcarter@example.org,2025-06-19 01:34:49.916573
134,Tanya Burke,lewisedward@example.org,2025-10-17 07:12:18.569535
135,Brittney George,brianarias@example.com,2025-07-06 13:56:26.831364
136,Sarah Christensen,denisethomas@example.com,2025-11-20 07:49:26.309061
137,Patricia Johnson,duffykendra@example.org,2025-04-18 22:41:32.835132
138,Tony Dominguez,anncarlson@example.com,2025-07-19 03:12:08.992975
139,Margaret Charles,kellycharles@example.org,2025-11-01 19:01:11.466927
140,Bianca Smith DVM,uwilliams@example.com,2025-06-08 22:52:09.378314
141,James Cooper,kingandrea@example.org,2025-07-05 00:57:01.341255
142,Denise Cannon,asmith@example.com,2025-02-21 02:15:43.741336
143,Melissa Turner,darylpadilla@example.com,2025-09-15 15:21:09.381229
144,Rhonda Mcguire,campossteven@example.com,2025-07-13 23:52:49.987175
145,Tonya Mann,kimberly22@example.com,2025-10-05 23:56:06.609671
146,Carlos Webster,cesar86@example.com,2025-02-12 12:51:18.019356
147,Kellie Parks,kim75@example.com,2025-11-10 15:12:48.834549
148,Amber Soto,sandy33@example.com,2025-11-08 20:10:27.691557
149,Christopher West,howardtoni@example.net,2025-07-18 13:31:00.922935
150,Brian Allen,jhernandez@example.net,2025-04-14 07:22:19.881353
151,John Cummings,zpham@example.net,2025-10-19 05:53:53.435480
152,Jason Wu,uparker@example.org,2025-07-11 06:12:09.710776
153,Alexis James,ahiggins@example.org,2025-07-16 22:12:33.180285
154,Barbara Nunez,brian25@example.org,2025-05-21 15:50:01.487586
155,Curtis Garcia,jessica89@example.org,2025-05-18 14:22:09.367717
156,Jessica Woods,cody45@example.org,2025-10-14 22:07:56.641277
157,Nancy Eaton,tylerlee@example.com,2025-08-22 23:31:28.715272
158,Jessica Mccoy,robertrichards@example.com,2025-06-05 16:26:43.840639
159,Amy Carter,kmcfarland@example.org,2025-09-20 07:50:44.852031
160,Kimberly Levy,erinroberts@example.net,2025-09-10 18:25:12.804724
161,Gloria Browning,jonessteven@example.net,2025-12-06 17:15:44.639951
162,Stephen Todd,tracyreynolds@example.net,2025-08-20 22:24:32.954902
163,Shannon Franklin,scott98@example.com,2025-11-14 15:30:19.281151
164,Brandi Cameron,jonesbrian@example.net,2025-09-24 01:13:07.020493
165,Scott Guerra,wendy02@example.net,2025-09-01 14:15:46.695789
166,Bobby Ramirez,ian57@example.org,2025-01-24 02:23:48.480484
167,William Garza,kimberly98@example.net,2025-07-07 00:23:47.792532
168,John Williams,jeff66@example.org,2025-06-23 01:07:34.284353
169,Courtney Stone,vromero@example.com,2025-10-06 12:42:26.159859
170,Yolanda Rios,kellymartinez@example.org,2025-10-09 02:32:42.698720
171,Pamela Lucas,beardtimothy@example.org,2025-06-01 14:11:27.195939
172,Patrick Riddle,whitejason@example.com,2025-01-29 15:36:11.164072
173,Austin Sampson,denisesuarez@example.org,2025-10-30 07:38:37.590792
174,Brian Figueroa,jeremypena@example.net,2025-03-19 16:20:23.450676
175,Ian Zimmerman,evanjohnson@example.net,2025-10-17 07:50:34.728755
176,Laura Morales MD,gardnerangela@example.com,2025-01-15 03:15:22.670071
177,Daniel Martinez,tracy54@example.net,2025-06-12 05:02:42.863296
178,Christina Ward,jimenezbobby@example.net,2025-04-15 19:39:52.048981
179,Edward Henderson,scott35@example.net,2025-03-05 09:56:19.591060
180,Allison Lamb,charles65@example.com,2025-07-15 14:29:50.997734
181,Casey Prince,xnelson@example.org,2025-01-09 20:02:00.955156
182,Cristina Burke,carterdonna@example.org,2025-05-02 01:54:42.894749
183,Samantha Morales,james85@example.org,2025-02-12 12:11:35.222460
184,Brandon Barnett,suzannewilson@example.org,2025-09-21 10:54:00.009361
185,John Martinez,tmartin@example.org,2025-01-17 07:56:34.066453
186,Natasha Chapman,valeriezavala@example.com,2025-10-30 05:18:32.929003
187,Alexander Hooper,christine09@example.com,2025-08-22 04:40:49.910482
188,Lawrence King,paynecorey@example.org,2025-06-27 01:30:45.026053
189,Pamela Rodriguez,cheryljackson@example.com,2025-07-05 19:28:02.639186
190,Kevin Davenport,patricia07@example.net,2025-07-09 09:12:32.190484
191,Amy Schroeder,keithparker@example.net,2025-07-04 11:32:21.007277
192,Lisa Davis,walvarez@example.net,2025-08-04 15:40:48.035388
193,Erik Cruz,kwright@example.org,2025-01-13 16:51:25.608067
194,Gina Porter,ruizpatrick@example.net,2025-04-29 15:13:16.539155
195,David Henderson,johnwhitaker@example.org,2025-06-09 10:42:12.199846
196,Jonathan Gray,andrewhernandez@example.com,2025-10-19 00:50:13.252045
197,Ann Jennings,hcampbell@example.com,2025-09-30 23:29:41.162177
198,Mrs. Stephanie Jones DDS,wrightandrea@example.org,2025-09-11 18:09:07.616859
199,Edward Singh,cdennis@example.org,2025-11-13 22:46:17.588902
200,Angela Mclean,pmaddox@example.net,2025-01-05 02:03:03.907776
201,Rachel Guerra,isnyder@example.org,2025-02-05 14:01:42.076555
202,Eric Moore,wglover@example.org,2025-09-13 03:25:52.576744
203,Nancy Ford,stevenbennett@example.com,2025-09-01 08:34:39.294285
204,Frank Sparks,heidi66@example.com,2025-10-31 05:03:07.900661
205,Cindy Guerrero,chadmcmahon@example.com,2025-03-03 05:22:58.320573
206,Melissa Paul,mbowman@example.com,2025-04-24 00:22:25.692192
207,Michelle Williams,willispatricia@example.org,2025-07-17 16:14:46.947787
208,Kara Jones,lcrawford@example.org,2025-11-02 15:09:18.524931
209,Preston Gross,shawbrent@example.org,2025-06-06 06:29:32.225790
210,Cassandra Fernandez,meyersalexa@example.com,2025-08-12 10:13:46.150671
211,Heidi Monroe,jarvismatthew@example.com,2025-03-25 20:19:36.978815
212,Sergio Ramirez,seanbarnes@example.net,2025-01-24 16:07:27.884424
213,Cassandra Schmitt,butlerevelyn@example.org,2025-06-23 05:27:53.672040
214,Briana Davis,david32@example.net,2025-05-06 20:50:48.351682
215,Jessica Jackson,wallacecourtney@example.net,2025-08-27 08:20:16.299309
216,Randy Shaw,brownkimberly@example.net,2025-04-22 06:50:49.832843
217,Jeremy Boyd,reginaldbrooks@example.com,2025-07-08 18:45:18.259660
218,April Duncan,tonyliu@example.org,2025-06-18 16:20:02.588996
219,Alexa Valencia,ndiaz@example.com,2025-10-25 00:15:18.389782
220,Adrian Padilla,ryan76@example.net,2025-03-03 06:27:47.489597
221,Thomas Smith,elizabethschultz@example.com,2025-08-09 10:34:37.660495
222,Shannon Williams,garzataylor@example.com,2025-01-17 00:08:02.042820
223,Kristin Sheppard,danielmartin@example.org,2025-12-08 20:57:23.521033
224,Brandon Quinn,brenda24@example.net,2025-08-15 16:35:49.426168
225,Jason Kidd,joshuamartinez@example.org,2025-03-21 00:55:03.346980
226,Jeffery Trujillo,melissa85@example.net,2025-01-07 10:22:39.873881
227,Brian Mckinney,morandustin@example.com,2025-02-11 16:42:24.354963
228,Jeffrey Rhodes,martinezronald@example.com,2025-10-03 09:49:13.787451
229,Alison Walker,raymond03@example.org,2025-04-13 13:19:48.167593
230,Chad Guerra,wmeza@example.net,2025-09-24 09:26:03.120893
231,Mary Rodriguez,robinsonthomas@example.com,2025-04-16 00:24:14.892317
232,Michael Petty,robertcuevas@example.com,2025-06-03 10:56:46.387482
233,Kimberly Sutton,bennettashley@example.org,2025-11-23 14:44:00.016237
234,Grace Sanders,robertreed@example.org,2025-11-24 19:42:53.741906
235,Erin Molina,kristen98@example.org,2025-07-07 20:20:04.002644
236,Michael Norton,watsonjoseph@example.org,2025-09-28 07:23:38.014298
237,Lauren Baker,cheryl78@example.net,2025-05-20 20:13:18.549864
238,Colin Gibbs,marc08@example.com,2025-04-11 17:06:20.934684
239,Courtney Graves,ehorton@example.net,2025-08-31 05:24:40.264437
240,Frank Chapman,heather21@example.org,2025-07-10 09:30:56.681154
241,Glen Williams,colinclayton@example.org,2025-05-31 13:39:58.464731
242,Heidi Chapman,yolandarichard@example.com,2025-11-30 03:24:47.753285
243,Stacy Steele,monicajones@example.org,2025-04-21 04:18:30.527439
244,Norman Terry,clarklauren@example.org,2025-01-11 01:01:49.849199
245,Nicholas Holland,lopezpamela@example.net,2025-10-21 22:39:24.204479
246,Robert Burke,andrew46@example.org,2025-11-30 22:52:58.615618
247,Allison Trujillo,maryingram@example.com,2025-05-06 07:47:27.897702
248,Robert Lutz,eriggs@example.org,2025-09-15 07:27:58.076317
249,Michael Gonzalez,katherine36@example.net,2025-03-27 06:16:39.396184
250,Michele Mckenzie,ashley22@example.net,2025-09-10 06:58:41.873227
251,Tracey Frank,stricklandchristopher@example.org,2025-11-18 03:54:41.524867
252,Christine Chen,hannahanderson@example.net,2025-08-05 21:52:30.242720
253,William Williams,lucas20@example.net,2025-01-29 04:36:27.714957
254,Lauren Gonzalez,elizabethbennett@example.net,2025-08-07 04:19:26.180449
255,Eric Scott,erikathomas@example.org,2025-04-07 03:18:34.143429
256,Fernando Stephens,alexandermegan@example.com,2025-01-21 12:12:09.268108
257,Catherine Frederick,kdavis@example.org,2025-03-30 22:09:15.210002
258,Michelle Tyler,meltonjennifer@example.org,2025-04-09 17:34:52.567382
259,Brett Mcgee,hickssharon@example.net,2025-03-15 10:38:52.265432
260,Yvonne Jenkins,robertcastillo@example.org,2025-02-05 14:00:39.669585
261,John Ramirez,jerry26@example.com,2025-10-26 11:49:23.193427
262,Melissa Garcia,robertmarks@example.com,2025-07-13 23:02:28.783942
263,Samantha Jones,amydunn@example.com,2025-07-10 05:08:34.634773
264,Adam King,grantcox@example.org,2025-04-16 07:01:07.790636
265,Sean Stephenson,smendoza@example.net,2025-09-19 14:13:52.486996
266,Kevin Martin,cherylturner@example.net,2025-07-24 01:35:25.533370
267,Pedro Liu,jeffersonzachary@example.net,2025-07-17 23:42:39.202229
268,Ronald Arias,nicholasjohnson@example.org,2025-02-01 10:50:38.935220
269,Carolyn Smith,ashleyrivas@example.org,2025-06-04 12:11:14.611322
270,Kathleen Johnson,marthadavis@example.org,2025-10-20 17:33:56.755060
271,Ian Ryan,jacobparker@example.net,2025-03-08 18:24:45.621415
272,Cheryl Jones,nicoledonaldson@example.net,2025-03-21 10:49:41.755984
273,Brian Berry,benderkaren@example.com,2025-12-04 20:42:16.889243
274,Lauren Lopez,lshort@example.org,2025-05-18 00:24:36.093514
275,Rachel Mcguire,williamhensley@example.org,2025-05-25 04:03:32.744927
276,Robert Hardy,elaine78@example.org,2025-04-05 16:18:17.496020
277,Laurie Robinson,shelley92@example.org,2025-10-03 19:18:20.759761
278,Michelle Daniels,adamsnicholas@example.org,2025-03-25 20:57:55.127518
279,Timothy Ross,mitchellmichael@example.net,2025-06-08 01:42:15.971635
280,Mrs. Desiree Stewart,karla94@example.net,2025-11-18 21:43:35.966199
281,Heather Collier,dwhite@example.org,2025-07-18 17:48:59.782186
282,Rhonda Harper,littlepaige@example.org,2025-07-29 00:32:32.329332
283,Amanda Johnson,samanthadominguez@example.net,2025-08-03 18:03:59.888501
284,Heather Harris,patriciaspencer@example.net,2025-05-09 17:01:55.919692
285,Andrew Saunders,hwatkins@example.com,2025-10-14 05:52:36.718298
286,Steven Short,christopherweaver@example.com,2025-05-06 10:58:52.532698
287,Mary Hopkins,kristen56@example.org,2025-02-10 16:05:45.810830
288,Joseph Peterson,rross@example.org,2025-07-23 07:26:24.413080
289,Shari Mitchell,vanessa16@example.org,2025-12-06 02:40:12.677752
290,Roger Haney,jonathan71@example.net,2025-11-04 23:36:47.482821
291,John Padilla,davidmeyer@example.com,2025-06-13 11:05:32.016817
292,Nicholas Beck,vmorris@example.net,2025-07-28 16:57:14.339019
293,Andrew Melton,ricardomartinez@example.com,2025-10-19 03:39:31.171784
294,Christina Moon,anthony19@example.net,2025-10-08 09:42:50.178581
295,Matthew Chang,milesbeverly@example.org,2025-04-23 07:49:19.454578
296,Jacqueline Schaefer,heathstacy@example.net,2025-03-28 20:30:01.151766
297,Lisa Conway,jennifer95@example.com,2025-08-24 04:56:54.653632
298,Michael Frazier,tammycarter@example.com,2025-05-28 13:20:56.303242
299,Nicholas Smith,vdelacruz@example.org,2025-06-10 10:18:56.035698
300,Amanda Gray,lisa35@example.org,2025-06-18 00:11:06.619294
301,Julia Robinson,srodriguez@example.com,2025-05-20 17:53:29.033650
302,Kevin Parker,rebecca67@example.com,2025-07-13 17:24:41.570665
303,Jenny Parker,monroetammy@example.net,2025-11-05 10:01:13.491808
304,Francisco Watson,bennettkelsey@example.com,2025-04-18 08:54:56.598818
305,Nicole Wilkinson,thompsonteresa@example.org,2025-08-09 19:48:31.822665
306,Sandra Smith,eroth@example.net,2025-11-11 05:42:14.680325
307,Kayla Blackwell,robin09@example.com,2025-06-18 07:23:42.953264
308,John Alvarez,xrobbins@example.org,2025-09-15 23:16:42.769407
309,Victoria Russell,xlloyd@example.com,2025-02-20 15:33:36.578752
310,Juan Davis,srowland@example.com,2025-04-28 17:15:06.379786
311,Randy Williams,bethany47@example.net,2025-06-28 09:50:06.448771
312,Danielle Chambers,angelanovak@example.com,2025-08-08 23:09:43.182384
313,Austin Perez,fsmith@example.net,2025-03-03 13:22:35.492351
314,Joseph Garcia,garzajeremy@example.org,2025-06-07 14:44:47.307374
315,Lauren Beltran,xmartinez@example.net,2025-06-29 22:32:51.226948
316,Timothy Mann,seththompson@example.net,2025-02-04 23:08:56.371895
317,Karen Anderson,michaelmorris@example.org,2025-06-08 06:08:14.135324
318,Dustin Parks,jessicalewis@example.org,2025-11-08 14:06:09.827750
319,Eric Santos,nicholasjackson@example.com,2025-04-28 23:49:38.630368
320,Rebecca Thornton,wilsonjulie@example.net,2025-05-09 18:02:46.539768
321,Jessica Delacruz,trankelly@example.net,2025-03-26 03:01:24.061502
322,Steven Stone,jessewhite@example.net,2025-04-14 09:36:49.632543
323,Jacqueline Vang,aprilwilcox@example.net,2025-08-02 23:09:14.204802
324,Brittany Boyd,fjones@example.org,2025-04-09 15:36:44.858337
325,Mrs. Karen Smith,stricklandsheila@example.com,2025-03-31 09:02:39.370684
326,Shelby Mitchell,qterrell@example.com,2025-10-05 16:10:40.250201
327,Heather Ruiz,jacob63@example.net,2025-11-22 05:25:28.206991
328,Desiree Jones,jennifer65@example.org,2025-03-14 05:41:21.946141
329,Donna Bass,vickie56@example.net,2025-04-01 12:15:26.157882
330,Joanna Stout,thompsonmeghan@example.org,2025-01-21 08:55:26.677926
331,Jenny Shaw,acevedojeffrey@example.org,2025-08-04 22:42:36.085944
332,Brenda Barrett,sean47@example.com,2025-03-13 01:24:30.584046
333,Faith Morgan,kirbymichael@example.net,2025-03-17 09:30:25.555451
334,Matthew Walters,christopher36@example.com,2025-05-31 05:20:30.954470
335,Allison Reyes,thompsondavid@example.org,2025-07-05 04:56:57.377488
336,Joshua Oliver,shannon89@example.net,2025-12-04 17:12:26.922809
337,Gregory Johnson,johnwest@example.org,2025-05-18 06:34:52.543511
338,Jennifer Santana,michaelaustin@example.net,2025-08-23 09:03:29.569648
339,Brian Waters,hollowaymatthew@example.org,2025-02-26 16:03:07.493489
340,Robert Gutierrez,reeddavid@example.com,2025-05-05 05:21:26.936170
341,Emily Thompson,jorge14@example.net,2025-02-01 03:41:06.887920
342,Dawn Rose,petersjoshua@example.com,2025-06-12 05:00:09.846013
343,Anna Johnson,garrettwebb@example.com,2025-11-07 09:14:01.764610
344,Lisa Green,robinsonmason@example.org,2025-05-23 09:25:15.810173
345,Cynthia Stone,armstrongmaria@example.org,2025-09-07 16:30:43.068394
346,Lori Fischer,fwhite@example.net,2025-07-19 00:42:29.054874
347,Austin Sullivan,spham@example.com,2025-10-17 10:23:18.316755
348,Krystal Smith,crystalcastaneda@example.net,2025-03-09 22:39:45.097254
349,Bryan Navarro,matthewschmidt@example.net,2025-01-07 03:01:26.332176
350,Alexandra Chaney,kimberlycarter@example.org,2025-05-28 08:27:31.606563
351,Joseph Kaiser,richard02@example.org,2025-09-28 10:01:47.368497
352,Linda Rosario,davidlong@example.net,2025-05-14 11:07:13.870462
353,Nicholas Adams,jessica77@example.net,2025-11-07 09:59:18.376367
354,Jimmy Turner,michaelsmith@example.org,2025-01-03 00:05:51.172511
355,Mike Garcia,theresawalker@example.org,2025-06-22 18:00:56.494111
356,Matthew Barnes,barbersherry@example.net,2025-08-28 12:23:58.770354
357,Donna Perry,soliskimberly@example.com,2025-12-01 15:47:49.128085
358,Katie Austin,lopezbobby@example.org,2025-06-06 19:44:44.621278
359,Meghan Howard,tina75@example.net,2025-11-07 02:40:11.605056
360,Mary Sullivan,watsonerika@example.com,2025-08-27 07:52:19.594733
361,Lindsey Duran,qgarcia@example.org,2025-08-15 07:40:58.009475
362,Tina Anderson,kylewallace@example.net,2025-07-01 14:37:34.397434
363,Jeffery Gentry,brittany69@example.org,2025-09-26 10:27:42.598419
364,Adrian Thomas,christinepham@example.com,2025-04-11 18:04:05.348836
365,Shannon Gonzales,tiffanysingh@example.com,2025-08-15 17:01:56.915114
366,Todd Palmer,collinsjohn@example.net,2025-12-03 01:56:49.264871
367,Tracy Chapman,torresrobert@example.com,2025-11-22 20:14:06.473965
368,Sierra Boyd,anthony03@example.org,2025-11-30 21:52:31.324653
369,Timothy Weber,ramirezlawrence@example.org,2025-07-17 09:55:06.420159
370,Jerome Myers,gflowers@example.com,2025-05-25 03:10:58.012352
371,Brian Silva,angelahobbs@example.org,2025-04-01 15:08:08.148939
372,Joshua Evans,nbrennan@example.net,2025-04-07 10:22:35.328301
373,Shawn Thornton,csmith@example.org,2025-10-12 10:46:31.479137
374,Marie Schroeder,mackenzie56@example.org,2025-02-18 12:04:55.879033
375,Stephanie Anderson,johnsonlindsay@example.net,2025-07-16 18:29:05.115737
376,Susan Potter,davisjanice@example.org,2025-03-18 16:49:26.713063
377,Micheal Smith,iwilson@example.net,2025-04-26 10:57:47.057882
378,Kyle Thomas,hamptondawn@example.com,2025-10-05 15:29:38.298069
379,Diane Roy,morganjames@example.com,2025-08-08 09:37:04.220954
380,Richard Booker,qnelson@example.com,2025-12-08 18:47:04.992190
381,Kelly Cain,burchhenry@example.org,2025-09-13 19:39:44.485662
382,Kimberly Avila,catherine31@example.org,2025-03-24 19:44:38.304968
383,Terri Johnson,misty42@example.net,2025-07-29 18:18:51.136166
384,Jamie Mcconnell,joan45@example.org,2025-02-09 10:13:33.994268
385,Norma Parker,rogerarmstrong@example.org,2025-06-01 19:24:24.844644
386,Laura Cook,wrichardson@example.org,2025-09-28 09:29:46.166310
387,John Montgomery,vmanning@example.org,2025-06-04 21:46:17.140047
388,Douglas Manning,kyle75@example.net,2025-10-09 11:22:16.892820
389,Christopher Bowman II,tnichols@example.org,2025-11-17 17:43:50.482252
390,Kevin Chavez,kimberlymaynard@example.com,2025-10-19 15:16:27.109479
391,Jennifer Lin,owilliams@example.net,2025-01-22 23:36:54.148673
392,Joel Lowe,courtneyalvarez@example.org,2025-01-26 15:46:40.221263
393,Jesse Cummings,derek53@example.org,2025-01-27 08:53:06.853965
394,Eric Mason,bpeck@example.net,2025-04-19 13:32:05.723471
395,Stacy Roach,kgarrison@example.net,2025-03-26 23:12:03.739835
396,Sherry Jackson,johnsonnancy@example.com,2025-05-06 05:25:55.829907
397,Brenda Williams,smithcrystal@example.org,2025-09-25 15:07:07.419126
398,Alicia Spencer,vward@example.com,2025-11-01 13:57:45.694160
399,Vincent Lynch,zcollins@example.net,2025-09-01 23:37:40.361048
400,Taylor Garcia,garciabrandy@example.net,2025-06-19 07:01:37.720249
401,Carrie Taylor,kayla01@example.net,2025-04-30 18:43:27.474186
402,Clifford Chen,kingkellie@example.org,2025-09-15 20:05:12.239582
403,Julie Bates,jlynn@example.org,2025-06-11 22:48:05.455737
404,Jeffrey Burgess,udennis@example.net,2025-09-14 15:59:56.344787
405,Jacqueline Nguyen,stephencastillo@example.com,2025-11-24 12:12:06.176997
406,Jennifer Bishop,ahooper@example.com,2025-02-03 22:30:45.115547
407,Raymond Townsend,yburton@example.net,2025-07-03 16:58:47.271658
408,David Crawford,thomasheidi@example.org,2025-08-15 11:14:12.482789
409,Pamela Woods,sherry36@example.net,2025-01-14 21:04:59.579345
410,Richard Yang,meredith88@example.net,2025-10-12 17:59:39.990621
411,Julia Davis,loribates@example.org,2025-08-28 19:41:23.224131
412,Kaitlyn Smith,mwood@example.org,2025-05-17 14:34:25.914013
413,Jeffrey Sanders,plewis@example.net,2025-11-11 08:48:50.907758
414,Jordan Serrano,nicolebrandt@example.org,2025-05-16 01:04:23.815866
415,Sheila Mcintosh,curtishartman@example.com,2025-11-09 12:39:21.885748
416,Amber Hayes,christopherramirez@example.net,2025-01-07 03:49:01.499019
417,Latoya Hamilton,sbautista@example.com,2025-04-30 07:50:40.520267
418,Susan Williams,garrettchad@example.net,2025-11-18 20:19:37.483611
419,Devon Robinson,danielkennedy@example.net,2025-07-07 19:19:29.403268
420,Jackie Wallace,kmarshall@example.com,2025-06-13 15:10:26.495829
421,Taylor Valdez,timothy33@example.com,2025-09-14 14:23:30.989397
422,Lorraine Sanders,phendrix@example.com,2025-01-22 15:47:33.800112
423,Christopher Kelly,joshua01@example.org,2025-02-25 22:27:21.122425
424,Linda Johnson,esmith@example.net,2025-08-24 17:48:40.079347
425,Steve Scott,fullerdaniel@example.org,2025-11-15 02:59:03.462767
426,Mark Taylor,thompsonamber@example.org,2025-04-21 12:46:39.333506
427,Rachel Chaney,javier10@example.com,2025-10-12 18:33:55.333032
428,Jenny Phillips,hardinmichelle@example.com,2025-05-23 00:00:59.496001
429,Paula Sullivan,brodriguez@example.org,2025-09-20 12:52:14.498589
430,Amanda Jones,raymond20@example.com,2025-10-30 09:24:10.199206
431,Brian Garcia,angelarussell@example.org,2025-06-04 16:25:46.251053
432,Kaitlyn Ibarra,carlos55@example.com,2025-03-28 23:19:15.479057
433,Mr. Alan Mullins PhD,ocampbell@example.net,2025-04-13 05:29:09.839277
434,Theodore Peters,ashley67@example.net,2025-11-19 19:24:38.700962
435,Monica Wright,loretta12@example.net,2025-05-24 04:28:39.724169
436,Heather Mcmillan,igray@example.com,2025-08-29 12:03:05.401798
437,Michael Daniel,brownanita@example.net,2025-03-05 11:18:55.711900
438,Cody Fuller,nathan90@example.net,2025-05-26 23:29:54.005088
439,Martha Thomas,cheyennegutierrez@example.com,2025-09-28 11:11:19.532826
440,Holly Kramer,lewisjessica@example.com,2025-08-11 08:43:50.037267
441,Heather Luna,obrienaaron@example.net,2025-09-01 22:19:33.825214
442,Allison Bell,madison77@example.org,2025-08-13 13:18:29.241863
443,Walter Mcdonald,kinglaura@example.org,2025-10-08 17:51:51.451617
444,Victor Allen,oharrison@example.net,2025-04-14 16:05:16.984428
445,Anne Fox,ifoster@example.com,2025-04-16 04:09:28.569510
446,Joseph Thomas,watkinssteven@example.com,2025-02-16 22:39:22.939109
447,Erik Wiggins,cwilkerson@example.com,2025-08-06 01:19:21.554330
448,Ryan White,chadreilly@example.org,2025-10-09 12:27:52.009492
449,Ryan Meyer,reginalowery@example.net,2025-05-14 06:29:18.596460
450,John Bowers,joshuaarroyo@example.com,2025-02-03 18:40:02.060173
451,Ashley Moody,scottnichols@example.com,2025-04-04 06:17:38.818071
452,Angela Nicholson,ortizkristopher@example.org,2025-03-04 04:50:31.943274
453,Megan Jones,cbishop@example.net,2025-05-17 18:56:54.027688
454,Sara Ford,spowers@example.net,2025-03-01 04:03:31.113654
455,Janet Norman,slong@example.com,2025-02-01 18:29:06.056692
456,Maria Santana,melissa55@example.net,2025-11-01 01:54:21.464936
457,Mr. Robert Williams,bfowler@example.com,2025-08-23 01:17:57.561894
458,Ann Hunter,cody30@example.net,2025-05-09 11:52:17.853897
459,Raven Flores,jonathonfisher@example.org,2025-01-11 05:16:47.041404
460,Ashley Winters,clopez@example.com,2025-11-02 00:06:27.093736
461,Heather Wheeler,amybryan@example.com,2025-11-29 10:11:56.121284
462,Robert Williams,cindy41@example.com,2025-06-18 10:13:47.258413
463,Lisa Fowler,zerickson@example.net,2025-11-24 00:25:52.926263
464,Gary Fuentes,kayladavis@example.net,2025-03-15 17:39:46.236017
465,Ricky Lopez,oyang@example.net,2025-03-30 02:33:09.906708
466,Robert Fox,ufrench@example.net,2025-05-18 20:39:53.825953
467,Benjamin Martinez,rachel86@example.com,2025-04-08 00:49:29.959408
468,Rebekah Reynolds,elizabethcastro@example.com,2025-01-23 08:54:02.110195
469,Ernest Hall,jill43@example.com,2025-06-12 21:36:28.763231
470,Collin Sutton,michele60@example.com,2025-01-08 21:43:14.557067
471,Victoria Ortiz,sarahgarcia@example.org,2025-10-15 16:04:44.920402
472,Ryan Fisher,wendysmith@example.org,2025-08-14 18:43:18.694262
473,Andrew Harrison,debrawatson@example.com,2025-11-12 05:30:26.577739
474,Michael Carpenter,lterry@example.com,2025-07-10 21:57:45.710195
475,Shannon Davis,marissa98@example.net,2025-02-16 01:39:42.295627
476,Natalie Wilson,tammywright@example.com,2025-11-08 03:52:46.737422
477,Robert Wolfe,shannonbridges@example.com,2025-07-15 01:57:49.890172
478,Benjamin Johnson,meredith18@example.org,2025-09-23 08:33:51.891520
479,Anthony Rodriguez,davidcasey@example.net,2025-10-29 08:55:58.281130
480,Joseph Jacobson,kiddbethany@example.com,2025-07-01 14:03:38.774158
481,William Solomon,hcox@example.com,2025-12-10 02:07:49.835163
482,Deborah Reeves,johnsonsarah@example.org,2025-12-07 12:31:50.357318
483,Andrew Barron,julie49@example.net,2025-06-27 22:08:42.680166
484,Dana Lowe,hlewis@example.com,2025-07-13 15:13:00.161856
485,Derek Ho,staciereeves@example.com,2025-12-01 16:06:39.982617
486,Henry Logan,william14@example.org,2025-05-25 22:22:37.476768
487,Dennis Garcia,kimdanielle@example.net,2025-10-10 04:25:52.895238
488,Kimberly Gross,whiterichard@example.org,2025-10-14 01:46:07.869559
489,Hannah Graham,ewilliams@example.com,2025-08-06 04:24:14.216798
490,Andrew Shaw,laura64@example.com,2025-08-31 17:45:17.712063
491,Kevin Carter,jessica82@example.org,2025-10-10 22:11:38.616745
492,Alicia Wood,valeriedillon@example.org,2025-11-16 04:19:54.422631
493,Robert Hill,valeriebrown@example.net,2025-07-04 19:22:56.688859
494,Steven Wade,grantgary@example.com,2025-05-22 19:50:42.586672
495,Tasha Ramsey,wgarza@example.com,2025-03-18 00:41:14.891028
496,Kevin Cox,trevor02@example.com,2025-03-24 05:39:14.035692
497,Michelle Alexander,wmartin@example.com,2025-10-23 19:28:08.745256
498,Nicole Henry,shawkathleen@example.net,2025-04-02 17:48:35.414081
499,Aaron Mejia,robert03@example.com,2025-08-16 16:31:34.491551
500,Tiffany Dominguez,matthew91@example.net,2025-12-05 20:00:32.211278
